{
  "r1": 9.960123218361218,
  "r2": 0.03494716570461569130434782608695652,
  "r3": 89.22267705178729846
}
